County,Family Structure,Living Wage,Poverty Wage,Minimum Wage
Adams County,1 ADULT0 Children,13.55,6.13,10.0
Adams County,1 ADULT1 Child,27.25,8.29,10.0
Adams County,1 ADULT2 Children,33.74,10.44,10.0
Adams County,1 ADULT3 Children,43.35,12.6,10.0
Adams County,2 ADULTS 1 WORKING0 Children,22.09,8.29,10.0
Adams County,2 ADULTS 1 WORKING1 Child,26.21,10.44,10.0
Adams County,2 ADULTS 1 WORKING2 Children,29.86,12.6,10.0
Adams County,2 ADULTS 1 WORKING3 Children,32.02,14.75,10.0
Adams County,2 ADULTS0 Children,11.04,4.14,10.0
Adams County,2 ADULTS1 Child,15.02,5.22,10.0
Adams County,2 ADULTS2 Children,18.77,6.3,10.0
Adams County,2 ADULTS3 Children,21.77,7.38,10.0
Alexander County,1 ADULT0 Children,13.38,6.13,10.0
Alexander County,1 ADULT1 Child,27.9,8.29,10.0
Alexander County,1 ADULT2 Children,34.67,10.44,10.0
Alexander County,1 ADULT3 Children,45.03,12.6,10.0
Alexander County,2 ADULTS 1 WORKING0 Children,22.18,8.29,10.0
Alexander County,2 ADULTS 1 WORKING1 Child,26.57,10.44,10.0
Alexander County,2 ADULTS 1 WORKING2 Children,30.23,12.6,10.0
Alexander County,2 ADULTS 1 WORKING3 Children,32.84,14.75,10.0
Alexander County,2 ADULTS0 Children,11.09,4.14,10.0
Alexander County,2 ADULTS1 Child,15.35,5.22,10.0
Alexander County,2 ADULTS2 Children,19.24,6.3,10.0
Alexander County,2 ADULTS3 Children,22.61,7.38,10.0
Bond County,1 ADULT0 Children,13.13,6.13,10.0
Bond County,1 ADULT1 Child,27.57,8.29,10.0
Bond County,1 ADULT2 Children,34.35,10.44,10.0
Bond County,1 ADULT3 Children,43.55,12.6,10.0
Bond County,2 ADULTS 1 WORKING0 Children,22.04,8.29,10.0
Bond County,2 ADULTS 1 WORKING1 Child,26.24,10.44,10.0
Bond County,2 ADULTS 1 WORKING2 Children,29.89,12.6,10.0
Bond County,2 ADULTS 1 WORKING3 Children,31.35,14.75,10.0
Bond County,2 ADULTS0 Children,11.02,4.14,10.0
Bond County,2 ADULTS1 Child,15.18,5.22,10.0
Bond County,2 ADULTS2 Children,19.08,6.3,10.0
Bond County,2 ADULTS3 Children,21.87,7.38,10.0
Boone County,1 ADULT0 Children,13.36,6.13,10.0
Boone County,1 ADULT1 Child,29.16,8.29,10.0
Boone County,1 ADULT2 Children,36.8,10.44,10.0
Boone County,1 ADULT3 Children,47.69,12.6,10.0
Boone County,2 ADULTS 1 WORKING0 Children,22.48,8.29,10.0
Boone County,2 ADULTS 1 WORKING1 Child,26.96,10.44,10.0
Boone County,2 ADULTS 1 WORKING2 Children,30.62,12.6,10.0
Boone County,2 ADULTS 1 WORKING3 Children,32.89,14.75,10.0
Boone County,2 ADULTS0 Children,11.24,4.14,10.0
Boone County,2 ADULTS1 Child,15.98,5.22,10.0
Boone County,2 ADULTS2 Children,20.31,6.3,10.0
Boone County,2 ADULTS3 Children,23.94,7.38,10.0
Brown County,1 ADULT0 Children,14.34,6.13,10.0
Brown County,1 ADULT1 Child,29.16,8.29,10.0
Brown County,1 ADULT2 Children,35.47,10.44,10.0
Brown County,1 ADULT3 Children,45.05,12.6,10.0
Brown County,2 ADULTS 1 WORKING0 Children,23.51,8.29,10.0
Brown County,2 ADULTS 1 WORKING1 Child,28.3,10.44,10.0
Brown County,2 ADULTS 1 WORKING2 Children,31.96,12.6,10.0
Brown County,2 ADULTS 1 WORKING3 Children,34.26,14.75,10.0
Brown County,2 ADULTS0 Children,11.75,4.14,10.0
Brown County,2 ADULTS1 Child,15.98,5.22,10.0
Brown County,2 ADULTS2 Children,19.64,6.3,10.0
Brown County,2 ADULTS3 Children,22.62,7.38,10.0
Bureau County,1 ADULT0 Children,13.0,6.13,10.0
Bureau County,1 ADULT1 Child,27.43,8.29,10.0
Bureau County,1 ADULT2 Children,33.88,10.44,10.0
Bureau County,1 ADULT3 Children,42.8,12.6,10.0
Bureau County,2 ADULTS 1 WORKING0 Children,22.06,8.29,10.0
Bureau County,2 ADULTS 1 WORKING1 Child,26.41,10.44,10.0
Bureau County,2 ADULTS 1 WORKING2 Children,30.07,12.6,10.0
Bureau County,2 ADULTS 1 WORKING3 Children,31.57,14.75,10.0
Bureau County,2 ADULTS0 Children,11.03,4.14,10.0
Bureau County,2 ADULTS1 Child,15.11,5.22,10.0
Bureau County,2 ADULTS2 Children,18.84,6.3,10.0
Bureau County,2 ADULTS3 Children,21.49,7.38,10.0
Calhoun County,1 ADULT0 Children,14.02,6.13,10.0
Calhoun County,1 ADULT1 Child,28.09,8.29,10.0
Calhoun County,1 ADULT2 Children,34.12,10.44,10.0
Calhoun County,1 ADULT3 Children,43.29,12.6,10.0
Calhoun County,2 ADULTS 1 WORKING0 Children,22.99,8.29,10.0
Calhoun County,2 ADULTS 1 WORKING1 Child,27.51,10.44,10.0
Calhoun County,2 ADULTS 1 WORKING2 Children,31.17,12.6,10.0
Calhoun County,2 ADULTS 1 WORKING3 Children,33.34,14.75,10.0
Calhoun County,2 ADULTS0 Children,11.5,4.14,10.0
Calhoun County,2 ADULTS1 Child,15.44,5.22,10.0
Calhoun County,2 ADULTS2 Children,18.96,6.3,10.0
Calhoun County,2 ADULTS3 Children,21.74,7.38,10.0
Carroll County,1 ADULT0 Children,12.89,6.13,10.0
Carroll County,1 ADULT1 Child,26.5,8.29,10.0
Carroll County,1 ADULT2 Children,32.41,10.44,10.0
Carroll County,1 ADULT3 Children,40.69,12.6,10.0
Carroll County,2 ADULTS 1 WORKING0 Children,21.78,8.29,10.0
Carroll County,2 ADULTS 1 WORKING1 Child,26.04,10.44,10.0
Carroll County,2 ADULTS 1 WORKING2 Children,29.69,12.6,10.0
Carroll County,2 ADULTS 1 WORKING3 Children,31.1,14.75,10.0
Carroll County,2 ADULTS0 Children,10.89,4.14,10.0
Carroll County,2 ADULTS1 Child,14.65,5.22,10.0
Carroll County,2 ADULTS2 Children,18.11,6.3,10.0
Carroll County,2 ADULTS3 Children,20.44,7.38,10.0
Cass County,1 ADULT0 Children,12.89,6.13,10.0
Cass County,1 ADULT1 Child,27.45,8.29,10.0
Cass County,1 ADULT2 Children,34.3,10.44,10.0
Cass County,1 ADULT3 Children,43.91,12.6,10.0
Cass County,2 ADULTS 1 WORKING0 Children,22.27,8.29,10.0
Cass County,2 ADULTS 1 WORKING1 Child,26.04,10.44,10.0
Cass County,2 ADULTS 1 WORKING2 Children,29.69,12.6,10.0
Cass County,2 ADULTS 1 WORKING3 Children,31.47,14.75,10.0
Cass County,2 ADULTS0 Children,11.14,4.14,10.0
Cass County,2 ADULTS1 Child,15.12,5.22,10.0
Cass County,2 ADULTS2 Children,19.05,6.3,10.0
Cass County,2 ADULTS3 Children,22.05,7.38,10.0
Champaign County,1 ADULT0 Children,14.68,6.13,10.0
Champaign County,1 ADULT1 Child,29.03,8.29,10.0
Champaign County,1 ADULT2 Children,36.29,10.44,10.0
Champaign County,1 ADULT3 Children,46.46,12.6,10.0
Champaign County,2 ADULTS 1 WORKING0 Children,23.2,8.29,10.0
Champaign County,2 ADULTS 1 WORKING1 Child,27.2,10.44,10.0
Champaign County,2 ADULTS 1 WORKING2 Children,30.86,12.6,10.0
Champaign County,2 ADULTS 1 WORKING3 Children,32.79,14.75,10.0
Champaign County,2 ADULTS0 Children,11.6,4.14,10.0
Champaign County,2 ADULTS1 Child,15.91,5.22,10.0
Champaign County,2 ADULTS2 Children,20.05,6.3,10.0
Champaign County,2 ADULTS3 Children,23.33,7.38,10.0
Christian County,1 ADULT0 Children,13.11,6.13,10.0
Christian County,1 ADULT1 Child,27.36,8.29,10.0
Christian County,1 ADULT2 Children,34.05,10.44,10.0
Christian County,1 ADULT3 Children,43.27,12.6,10.0
Christian County,2 ADULTS 1 WORKING0 Children,22.05,8.29,10.0
Christian County,2 ADULTS 1 WORKING1 Child,26.1,10.44,10.0
Christian County,2 ADULTS 1 WORKING2 Children,29.76,12.6,10.0
Christian County,2 ADULTS 1 WORKING3 Children,31.3,14.75,10.0
Christian County,2 ADULTS0 Children,11.03,4.14,10.0
Christian County,2 ADULTS1 Child,15.08,5.22,10.0
Christian County,2 ADULTS2 Children,18.93,6.3,10.0
Christian County,2 ADULTS3 Children,21.73,7.38,10.0
Clark County,1 ADULT0 Children,12.93,6.13,10.0
Clark County,1 ADULT1 Child,26.95,8.29,10.0
Clark County,1 ADULT2 Children,33.24,10.44,10.0
Clark County,1 ADULT3 Children,42.41,12.6,10.0
Clark County,2 ADULTS 1 WORKING0 Children,21.82,8.29,10.0
Clark County,2 ADULTS 1 WORKING1 Child,26.09,10.44,10.0
Clark County,2 ADULTS 1 WORKING2 Children,29.75,12.6,10.0
Clark County,2 ADULTS 1 WORKING3 Children,31.65,14.75,10.0
Clark County,2 ADULTS0 Children,10.91,4.14,10.0
Clark County,2 ADULTS1 Child,14.87,5.22,10.0
Clark County,2 ADULTS2 Children,18.52,6.3,10.0
Clark County,2 ADULTS3 Children,21.3,7.38,10.0
Clay County,1 ADULT0 Children,12.89,6.13,10.0
Clay County,1 ADULT1 Child,26.4,8.29,10.0
Clay County,1 ADULT2 Children,32.2,10.44,10.0
Clay County,1 ADULT3 Children,40.38,12.6,10.0
Clay County,2 ADULTS 1 WORKING0 Children,22.37,8.29,10.0
Clay County,2 ADULTS 1 WORKING1 Child,26.04,10.44,10.0
Clay County,2 ADULTS 1 WORKING2 Children,29.69,12.6,10.0
Clay County,2 ADULTS 1 WORKING3 Children,31.1,14.75,10.0
Clay County,2 ADULTS0 Children,11.18,4.14,10.0
Clay County,2 ADULTS1 Child,14.6,5.22,10.0
Clay County,2 ADULTS2 Children,18.0,6.3,10.0
Clay County,2 ADULTS3 Children,20.28,7.38,10.0
Clinton County,1 ADULT0 Children,14.02,6.13,10.0
Clinton County,1 ADULT1 Child,28.61,8.29,10.0
Clinton County,1 ADULT2 Children,35.14,10.44,10.0
Clinton County,1 ADULT3 Children,44.83,12.6,10.0
Clinton County,2 ADULTS 1 WORKING0 Children,22.99,8.29,10.0
Clinton County,2 ADULTS 1 WORKING1 Child,27.51,10.44,10.0
Clinton County,2 ADULTS 1 WORKING2 Children,31.17,12.6,10.0
Clinton County,2 ADULTS 1 WORKING3 Children,33.34,14.75,10.0
Clinton County,2 ADULTS0 Children,11.5,4.14,10.0
Clinton County,2 ADULTS1 Child,15.7,5.22,10.0
Clinton County,2 ADULTS2 Children,19.48,6.3,10.0
Clinton County,2 ADULTS3 Children,22.51,7.38,10.0
Coles County,1 ADULT0 Children,13.08,6.13,10.0
Coles County,1 ADULT1 Child,27.26,8.29,10.0
Coles County,1 ADULT2 Children,33.61,10.44,10.0
Coles County,1 ADULT3 Children,43.04,12.6,10.0
Coles County,2 ADULTS 1 WORKING0 Children,22.06,8.29,10.0
Coles County,2 ADULTS 1 WORKING1 Child,26.34,10.44,10.0
Coles County,2 ADULTS 1 WORKING2 Children,30.0,12.6,10.0
Coles County,2 ADULTS 1 WORKING3 Children,32.11,14.75,10.0
Coles County,2 ADULTS0 Children,11.03,4.14,10.0
Coles County,2 ADULTS1 Child,15.02,5.22,10.0
Coles County,2 ADULTS2 Children,18.71,6.3,10.0
Coles County,2 ADULTS3 Children,21.62,7.38,10.0
Cook County,1 ADULT0 Children,16.32,6.13,10.0
Cook County,1 ADULT1 Child,32.32,8.29,10.0
Cook County,1 ADULT2 Children,40.12,10.44,10.0
Cook County,1 ADULT3 Children,51.48,12.6,10.0
Cook County,2 ADULTS 1 WORKING0 Children,25.66,8.29,10.0
Cook County,2 ADULTS 1 WORKING1 Child,29.95,10.44,10.0
Cook County,2 ADULTS 1 WORKING2 Children,33.61,12.6,10.0
Cook County,2 ADULTS 1 WORKING3 Children,36.19,14.75,10.0
Cook County,2 ADULTS0 Children,12.83,4.14,10.0
Cook County,2 ADULTS1 Child,17.56,5.22,10.0
Cook County,2 ADULTS2 Children,21.96,6.3,10.0
Cook County,2 ADULTS3 Children,25.83,7.38,10.0
Crawford County,1 ADULT0 Children,12.89,6.13,10.0
Crawford County,1 ADULT1 Child,26.92,8.29,10.0
Crawford County,1 ADULT2 Children,33.25,10.44,10.0
Crawford County,1 ADULT3 Children,41.96,12.6,10.0
Crawford County,2 ADULTS 1 WORKING0 Children,22.14,8.29,10.0
Crawford County,2 ADULTS 1 WORKING1 Child,26.04,10.44,10.0
Crawford County,2 ADULTS 1 WORKING2 Children,29.69,12.6,10.0
Crawford County,2 ADULTS 1 WORKING3 Children,31.1,14.75,10.0
Crawford County,2 ADULTS0 Children,11.07,4.14,10.0
Crawford County,2 ADULTS1 Child,14.86,5.22,10.0
Crawford County,2 ADULTS2 Children,18.53,6.3,10.0
Crawford County,2 ADULTS3 Children,21.07,7.38,10.0
Cumberland County,1 ADULT0 Children,12.89,6.13,10.0
Cumberland County,1 ADULT1 Child,26.66,8.29,10.0
Cumberland County,1 ADULT2 Children,32.72,10.44,10.0
Cumberland County,1 ADULT3 Children,41.17,12.6,10.0
Cumberland County,2 ADULTS 1 WORKING0 Children,21.78,8.29,10.0
Cumberland County,2 ADULTS 1 WORKING1 Child,26.04,10.44,10.0
Cumberland County,2 ADULTS 1 WORKING2 Children,29.69,12.6,10.0
Cumberland County,2 ADULTS 1 WORKING3 Children,31.1,14.75,10.0
Cumberland County,2 ADULTS0 Children,10.89,4.14,10.0
Cumberland County,2 ADULTS1 Child,14.73,5.22,10.0
Cumberland County,2 ADULTS2 Children,18.26,6.3,10.0
Cumberland County,2 ADULTS3 Children,20.68,7.38,10.0
DeKalb County,1 ADULT0 Children,14.38,6.13,10.0
DeKalb County,1 ADULT1 Child,30.83,8.29,10.0
DeKalb County,1 ADULT2 Children,38.95,10.44,10.0
DeKalb County,1 ADULT3 Children,51.36,12.6,10.0
DeKalb County,2 ADULTS 1 WORKING0 Children,23.48,8.29,10.0
DeKalb County,2 ADULTS 1 WORKING1 Child,28.16,10.44,10.0
DeKalb County,2 ADULTS 1 WORKING2 Children,31.81,12.6,10.0
DeKalb County,2 ADULTS 1 WORKING3 Children,35.13,14.75,10.0
DeKalb County,2 ADULTS0 Children,11.74,4.14,10.0
DeKalb County,2 ADULTS1 Child,16.81,5.22,10.0
DeKalb County,2 ADULTS2 Children,21.38,6.3,10.0
DeKalb County,2 ADULTS3 Children,25.77,7.38,10.0
De Witt County,1 ADULT0 Children,13.51,6.13,10.0
De Witt County,1 ADULT1 Child,26.66,8.29,10.0
De Witt County,1 ADULT2 Children,32.72,10.44,10.0
De Witt County,1 ADULT3 Children,41.68,12.6,10.0
De Witt County,2 ADULTS 1 WORKING0 Children,22.03,8.29,10.0
De Witt County,2 ADULTS 1 WORKING1 Child,26.04,10.44,10.0
De Witt County,2 ADULTS 1 WORKING2 Children,29.69,12.6,10.0
De Witt County,2 ADULTS 1 WORKING3 Children,31.61,14.75,10.0
De Witt County,2 ADULTS0 Children,11.01,4.14,10.0
De Witt County,2 ADULTS1 Child,14.73,5.22,10.0
De Witt County,2 ADULTS2 Children,18.26,6.3,10.0
De Witt County,2 ADULTS3 Children,20.93,7.38,10.0
Douglas County,1 ADULT0 Children,13.36,6.13,10.0
Douglas County,1 ADULT1 Child,27.34,8.29,10.0
Douglas County,1 ADULT2 Children,34.09,10.44,10.0
Douglas County,1 ADULT3 Children,44.11,12.6,10.0
Douglas County,2 ADULTS 1 WORKING0 Children,21.88,8.29,10.0
Douglas County,2 ADULTS 1 WORKING1 Child,26.04,10.44,10.0
Douglas County,2 ADULTS 1 WORKING2 Children,29.69,12.6,10.0
Douglas County,2 ADULTS 1 WORKING3 Children,31.99,14.75,10.0
Douglas County,2 ADULTS0 Children,10.94,4.14,10.0
Douglas County,2 ADULTS1 Child,15.07,5.22,10.0
Douglas County,2 ADULTS2 Children,18.95,6.3,10.0
Douglas County,2 ADULTS3 Children,22.15,7.38,10.0
DuPage County,1 ADULT0 Children,16.32,6.13,10.0
DuPage County,1 ADULT1 Child,33.94,8.29,10.0
DuPage County,1 ADULT2 Children,43.37,10.44,10.0
DuPage County,1 ADULT3 Children,56.35,12.6,10.0
DuPage County,2 ADULTS 1 WORKING0 Children,25.66,8.29,10.0
DuPage County,2 ADULTS 1 WORKING1 Child,29.95,10.44,10.0
DuPage County,2 ADULTS 1 WORKING2 Children,33.61,12.6,10.0
DuPage County,2 ADULTS 1 WORKING3 Children,36.19,14.75,10.0
DuPage County,2 ADULTS0 Children,12.83,4.14,10.0
DuPage County,2 ADULTS1 Child,18.37,5.22,10.0
DuPage County,2 ADULTS2 Children,23.59,6.3,10.0
DuPage County,2 ADULTS3 Children,28.27,7.38,10.0
Edgar County,1 ADULT0 Children,12.89,6.13,10.0
Edgar County,1 ADULT1 Child,27.34,8.29,10.0
Edgar County,1 ADULT2 Children,34.09,10.44,10.0
Edgar County,1 ADULT3 Children,43.47,12.6,10.0
Edgar County,2 ADULTS 1 WORKING0 Children,22.07,8.29,10.0
Edgar County,2 ADULTS 1 WORKING1 Child,26.04,10.44,10.0
Edgar County,2 ADULTS 1 WORKING2 Children,29.69,12.6,10.0
Edgar County,2 ADULTS 1 WORKING3 Children,31.35,14.75,10.0
Edgar County,2 ADULTS0 Children,11.03,4.14,10.0
Edgar County,2 ADULTS1 Child,15.07,5.22,10.0
Edgar County,2 ADULTS2 Children,18.95,6.3,10.0
Edgar County,2 ADULTS3 Children,21.83,7.38,10.0
Edwards County,1 ADULT0 Children,12.89,6.13,10.0
Edwards County,1 ADULT1 Child,26.2,8.29,10.0
Edwards County,1 ADULT2 Children,31.8,10.44,10.0
Edwards County,1 ADULT3 Children,40.54,12.6,10.0
Edwards County,2 ADULTS 1 WORKING0 Children,22.37,8.29,10.0
Edwards County,2 ADULTS 1 WORKING1 Child,26.04,10.44,10.0
Edwards County,2 ADULTS 1 WORKING2 Children,29.69,12.6,10.0
Edwards County,2 ADULTS 1 WORKING3 Children,31.86,14.75,10.0
Edwards County,2 ADULTS0 Children,11.18,4.14,10.0
Edwards County,2 ADULTS1 Child,14.5,5.22,10.0
Edwards County,2 ADULTS2 Children,17.8,6.3,10.0
Edwards County,2 ADULTS3 Children,20.36,7.38,10.0
Effingham County,1 ADULT0 Children,13.32,6.13,10.0
Effingham County,1 ADULT1 Child,26.77,8.29,10.0
Effingham County,1 ADULT2 Children,32.93,10.44,10.0
Effingham County,1 ADULT3 Children,42.46,12.6,10.0
Effingham County,2 ADULTS 1 WORKING0 Children,21.83,8.29,10.0
Effingham County,2 ADULTS 1 WORKING1 Child,26.04,10.44,10.0
Effingham County,2 ADULTS 1 WORKING2 Children,29.69,12.6,10.0
Effingham County,2 ADULTS 1 WORKING3 Children,32.07,14.75,10.0
Effingham County,2 ADULTS0 Children,10.91,4.14,10.0
Effingham County,2 ADULTS1 Child,14.78,5.22,10.0
Effingham County,2 ADULTS2 Children,18.37,6.3,10.0
Effingham County,2 ADULTS3 Children,21.32,7.38,10.0
Fayette County,1 ADULT0 Children,13.1,6.13,10.0
Fayette County,1 ADULT1 Child,27.17,8.29,10.0
Fayette County,1 ADULT2 Children,33.75,10.44,10.0
Fayette County,1 ADULT3 Children,42.7,12.6,10.0
Fayette County,2 ADULTS 1 WORKING0 Children,21.78,8.29,10.0
Fayette County,2 ADULTS 1 WORKING1 Child,26.04,10.44,10.0
Fayette County,2 ADULTS 1 WORKING2 Children,29.69,12.6,10.0
Fayette County,2 ADULTS 1 WORKING3 Children,31.1,14.75,10.0
Fayette County,2 ADULTS0 Children,10.89,4.14,10.0
Fayette County,2 ADULTS1 Child,14.98,5.22,10.0
Fayette County,2 ADULTS2 Children,18.78,6.3,10.0
Fayette County,2 ADULTS3 Children,21.45,7.38,10.0
Ford County,1 ADULT0 Children,14.68,6.13,10.0
Ford County,1 ADULT1 Child,28.41,8.29,10.0
Ford County,1 ADULT2 Children,35.05,10.44,10.0
Ford County,1 ADULT3 Children,44.6,12.6,10.0
Ford County,2 ADULTS 1 WORKING0 Children,23.2,8.29,10.0
Ford County,2 ADULTS 1 WORKING1 Child,27.2,10.44,10.0
Ford County,2 ADULTS 1 WORKING2 Children,30.86,12.6,10.0
Ford County,2 ADULTS 1 WORKING3 Children,32.79,14.75,10.0
Ford County,2 ADULTS0 Children,11.6,4.14,10.0
Ford County,2 ADULTS1 Child,15.6,5.22,10.0
Ford County,2 ADULTS2 Children,19.43,6.3,10.0
Ford County,2 ADULTS3 Children,22.39,7.38,10.0
Franklin County,1 ADULT0 Children,13.26,6.13,10.0
Franklin County,1 ADULT1 Child,27.57,8.29,10.0
Franklin County,1 ADULT2 Children,34.54,10.44,10.0
Franklin County,1 ADULT3 Children,44.04,12.6,10.0
Franklin County,2 ADULTS 1 WORKING0 Children,21.78,8.29,10.0
Franklin County,2 ADULTS 1 WORKING1 Child,26.04,10.44,10.0
Franklin County,2 ADULTS 1 WORKING2 Children,29.69,12.6,10.0
Franklin County,2 ADULTS 1 WORKING3 Children,31.25,14.75,10.0
Franklin County,2 ADULTS0 Children,10.89,4.14,10.0
Franklin County,2 ADULTS1 Child,15.18,5.22,10.0
Franklin County,2 ADULTS2 Children,19.17,6.3,10.0
Franklin County,2 ADULTS3 Children,22.11,7.38,10.0
Fulton County,1 ADULT0 Children,13.21,6.13,10.0
Fulton County,1 ADULT1 Child,27.91,8.29,10.0
Fulton County,1 ADULT2 Children,34.76,10.44,10.0
Fulton County,1 ADULT3 Children,44.24,12.6,10.0
Fulton County,2 ADULTS 1 WORKING0 Children,22.25,8.29,10.0
Fulton County,2 ADULTS 1 WORKING1 Child,26.5,10.44,10.0
Fulton County,2 ADULTS 1 WORKING2 Children,30.16,12.6,10.0
Fulton County,2 ADULTS 1 WORKING3 Children,31.8,14.75,10.0
Fulton County,2 ADULTS0 Children,11.13,4.14,10.0
Fulton County,2 ADULTS1 Child,15.35,5.22,10.0
Fulton County,2 ADULTS2 Children,19.29,6.3,10.0
Fulton County,2 ADULTS3 Children,22.21,7.38,10.0
Gallatin County,1 ADULT0 Children,12.89,6.13,10.0
Gallatin County,1 ADULT1 Child,27.21,8.29,10.0
Gallatin County,1 ADULT2 Children,33.81,10.44,10.0
Gallatin County,1 ADULT3 Children,43.69,12.6,10.0
Gallatin County,2 ADULTS 1 WORKING0 Children,22.37,8.29,10.0
Gallatin County,2 ADULTS 1 WORKING1 Child,26.04,10.44,10.0
Gallatin County,2 ADULTS 1 WORKING2 Children,29.69,12.6,10.0
Gallatin County,2 ADULTS 1 WORKING3 Children,31.98,14.75,10.0
Gallatin County,2 ADULTS0 Children,11.18,4.14,10.0
Gallatin County,2 ADULTS1 Child,15.0,5.22,10.0
Gallatin County,2 ADULTS2 Children,18.81,6.3,10.0
Gallatin County,2 ADULTS3 Children,21.94,7.38,10.0
Greene County,1 ADULT0 Children,12.89,6.13,10.0
Greene County,1 ADULT1 Child,26.42,8.29,10.0
Greene County,1 ADULT2 Children,32.25,10.44,10.0
Greene County,1 ADULT3 Children,40.46,12.6,10.0
Greene County,2 ADULTS 1 WORKING0 Children,22.13,8.29,10.0
Greene County,2 ADULTS 1 WORKING1 Child,26.04,10.44,10.0
Greene County,2 ADULTS 1 WORKING2 Children,29.69,12.6,10.0
Greene County,2 ADULTS 1 WORKING3 Children,31.1,14.75,10.0
Greene County,2 ADULTS0 Children,11.07,4.14,10.0
Greene County,2 ADULTS1 Child,14.61,5.22,10.0
Greene County,2 ADULTS2 Children,18.03,6.3,10.0
Greene County,2 ADULTS3 Children,20.32,7.38,10.0
Grundy County,1 ADULT0 Children,15.73,6.13,10.0
Grundy County,1 ADULT1 Child,31.7,8.29,10.0
Grundy County,1 ADULT2 Children,39.53,10.44,10.0
Grundy County,1 ADULT3 Children,50.89,12.6,10.0
Grundy County,2 ADULTS 1 WORKING0 Children,24.26,8.29,10.0
Grundy County,2 ADULTS 1 WORKING1 Child,29.31,10.44,10.0
Grundy County,2 ADULTS 1 WORKING2 Children,32.97,12.6,10.0
Grundy County,2 ADULTS 1 WORKING3 Children,35.52,14.75,10.0
Grundy County,2 ADULTS0 Children,12.13,4.14,10.0
Grundy County,2 ADULTS1 Child,17.25,5.22,10.0
Grundy County,2 ADULTS2 Children,21.67,6.3,10.0
Grundy County,2 ADULTS3 Children,25.54,7.38,10.0
Hamilton County,1 ADULT0 Children,12.89,6.13,10.0
Hamilton County,1 ADULT1 Child,27.54,8.29,10.0
Hamilton County,1 ADULT2 Children,34.47,10.44,10.0
Hamilton County,1 ADULT3 Children,43.79,12.6,10.0
Hamilton County,2 ADULTS 1 WORKING0 Children,21.82,8.29,10.0
Hamilton County,2 ADULTS 1 WORKING1 Child,26.04,10.44,10.0
Hamilton County,2 ADULTS 1 WORKING2 Children,29.69,12.6,10.0
Hamilton County,2 ADULTS 1 WORKING3 Children,31.1,14.75,10.0
Hamilton County,2 ADULTS0 Children,10.91,4.14,10.0
Hamilton County,2 ADULTS1 Child,15.16,5.22,10.0
Hamilton County,2 ADULTS2 Children,19.14,6.3,10.0
Hamilton County,2 ADULTS3 Children,21.99,7.38,10.0
Hancock County,1 ADULT0 Children,12.89,6.13,10.0
Hancock County,1 ADULT1 Child,26.29,8.29,10.0
Hancock County,1 ADULT2 Children,31.99,10.44,10.0
Hancock County,1 ADULT3 Children,40.69,12.6,10.0
Hancock County,2 ADULTS 1 WORKING0 Children,21.86,8.29,10.0
Hancock County,2 ADULTS 1 WORKING1 Child,26.04,10.44,10.0
Hancock County,2 ADULTS 1 WORKING2 Children,29.69,12.6,10.0
Hancock County,2 ADULTS 1 WORKING3 Children,31.72,14.75,10.0
Hancock County,2 ADULTS0 Children,10.93,4.14,10.0
Hancock County,2 ADULTS1 Child,14.54,5.22,10.0
Hancock County,2 ADULTS2 Children,17.9,6.3,10.0
Hancock County,2 ADULTS3 Children,20.44,7.38,10.0
Hardin County,1 ADULT0 Children,12.89,6.13,10.0
Hardin County,1 ADULT1 Child,27.53,8.29,10.0
Hardin County,1 ADULT2 Children,34.47,10.44,10.0
Hardin County,1 ADULT3 Children,43.79,12.6,10.0
Hardin County,2 ADULTS 1 WORKING0 Children,21.78,8.29,10.0
Hardin County,2 ADULTS 1 WORKING1 Child,26.04,10.44,10.0
Hardin County,2 ADULTS 1 WORKING2 Children,29.69,12.6,10.0
Hardin County,2 ADULTS 1 WORKING3 Children,31.1,14.75,10.0
Hardin County,2 ADULTS0 Children,10.89,4.14,10.0
Hardin County,2 ADULTS1 Child,15.16,5.22,10.0
Hardin County,2 ADULTS2 Children,19.14,6.3,10.0
Hardin County,2 ADULTS3 Children,21.99,7.38,10.0
Henderson County,1 ADULT0 Children,12.76,6.13,10.0
Henderson County,1 ADULT1 Child,25.91,8.29,10.0
Henderson County,1 ADULT2 Children,31.23,10.44,10.0
Henderson County,1 ADULT3 Children,38.92,12.6,10.0
Henderson County,2 ADULTS 1 WORKING0 Children,22.0,8.29,10.0
Henderson County,2 ADULTS 1 WORKING1 Child,26.04,10.44,10.0
Henderson County,2 ADULTS 1 WORKING2 Children,29.69,12.6,10.0
Henderson County,2 ADULTS 1 WORKING3 Children,31.1,14.75,10.0
Henderson County,2 ADULTS0 Children,11.0,4.14,10.0
Henderson County,2 ADULTS1 Child,14.35,5.22,10.0
Henderson County,2 ADULTS2 Children,17.52,6.3,10.0
Henderson County,2 ADULTS3 Children,19.55,7.38,10.0
Henry County,1 ADULT0 Children,13.25,6.13,10.0
Henry County,1 ADULT1 Child,27.76,8.29,10.0
Henry County,1 ADULT2 Children,34.34,10.44,10.0
Henry County,1 ADULT3 Children,43.87,12.6,10.0
Henry County,2 ADULTS 1 WORKING0 Children,22.38,8.29,10.0
Henry County,2 ADULTS 1 WORKING1 Child,26.61,10.44,10.0
Henry County,2 ADULTS 1 WORKING2 Children,30.26,12.6,10.0
Henry County,2 ADULTS 1 WORKING3 Children,32.22,14.75,10.0
Henry County,2 ADULTS0 Children,11.19,4.14,10.0
Henry County,2 ADULTS1 Child,15.27,5.22,10.0
Henry County,2 ADULTS2 Children,19.08,6.3,10.0
Henry County,2 ADULTS3 Children,22.03,7.38,10.0
Iroquois County,1 ADULT0 Children,13.36,6.13,10.0
Iroquois County,1 ADULT1 Child,27.19,8.29,10.0
Iroquois County,1 ADULT2 Children,33.77,10.44,10.0
Iroquois County,1 ADULT3 Children,43.02,12.6,10.0
Iroquois County,2 ADULTS 1 WORKING0 Children,21.89,8.29,10.0
Iroquois County,2 ADULTS 1 WORKING1 Child,26.04,10.44,10.0
Iroquois County,2 ADULTS 1 WORKING2 Children,29.69,12.6,10.0
Iroquois County,2 ADULTS 1 WORKING3 Children,31.38,14.75,10.0
Iroquois County,2 ADULTS0 Children,10.95,4.14,10.0
Iroquois County,2 ADULTS1 Child,14.99,5.22,10.0
Iroquois County,2 ADULTS2 Children,18.79,6.3,10.0
Iroquois County,2 ADULTS3 Children,21.6,7.38,10.0
Jackson County,1 ADULT0 Children,12.93,6.13,10.0
Jackson County,1 ADULT1 Child,27.79,8.29,10.0
Jackson County,1 ADULT2 Children,34.71,10.44,10.0
Jackson County,1 ADULT3 Children,44.35,12.6,10.0
Jackson County,2 ADULTS 1 WORKING0 Children,22.07,8.29,10.0
Jackson County,2 ADULTS 1 WORKING1 Child,26.3,10.44,10.0
Jackson County,2 ADULTS 1 WORKING2 Children,29.96,12.6,10.0
Jackson County,2 ADULTS 1 WORKING3 Children,31.7,14.75,10.0
Jackson County,2 ADULTS0 Children,11.03,4.14,10.0
Jackson County,2 ADULTS1 Child,15.29,5.22,10.0
Jackson County,2 ADULTS2 Children,19.26,6.3,10.0
Jackson County,2 ADULTS3 Children,22.27,7.38,10.0
Jasper County,1 ADULT0 Children,12.89,6.13,10.0
Jasper County,1 ADULT1 Child,26.24,8.29,10.0
Jasper County,1 ADULT2 Children,31.88,10.44,10.0
Jasper County,1 ADULT3 Children,40.65,12.6,10.0
Jasper County,2 ADULTS 1 WORKING0 Children,22.32,8.29,10.0
Jasper County,2 ADULTS 1 WORKING1 Child,26.04,10.44,10.0
Jasper County,2 ADULTS 1 WORKING2 Children,29.69,12.6,10.0
Jasper County,2 ADULTS 1 WORKING3 Children,31.84,14.75,10.0
Jasper County,2 ADULTS0 Children,11.16,4.14,10.0
Jasper County,2 ADULTS1 Child,14.52,5.22,10.0
Jasper County,2 ADULTS2 Children,17.84,6.3,10.0
Jasper County,2 ADULTS3 Children,20.42,7.38,10.0
Jefferson County,1 ADULT0 Children,12.86,6.13,10.0
Jefferson County,1 ADULT1 Child,27.62,8.29,10.0
Jefferson County,1 ADULT2 Children,34.52,10.44,10.0
Jefferson County,1 ADULT3 Children,43.92,12.6,10.0
Jefferson County,2 ADULTS 1 WORKING0 Children,21.96,8.29,10.0
Jefferson County,2 ADULTS 1 WORKING1 Child,26.16,10.44,10.0
Jefferson County,2 ADULTS 1 WORKING2 Children,29.81,12.6,10.0
Jefferson County,2 ADULTS 1 WORKING3 Children,31.33,14.75,10.0
Jefferson County,2 ADULTS0 Children,10.98,4.14,10.0
Jefferson County,2 ADULTS1 Child,15.21,5.22,10.0
Jefferson County,2 ADULTS2 Children,19.17,6.3,10.0
Jefferson County,2 ADULTS3 Children,22.05,7.38,10.0
Jersey County,1 ADULT0 Children,14.02,6.13,10.0
Jersey County,1 ADULT1 Child,28.52,8.29,10.0
Jersey County,1 ADULT2 Children,34.96,10.44,10.0
Jersey County,1 ADULT3 Children,44.55,12.6,10.0
Jersey County,2 ADULTS 1 WORKING0 Children,22.99,8.29,10.0
Jersey County,2 ADULTS 1 WORKING1 Child,27.51,10.44,10.0
Jersey County,2 ADULTS 1 WORKING2 Children,31.17,12.6,10.0
Jersey County,2 ADULTS 1 WORKING3 Children,33.34,14.75,10.0
Jersey County,2 ADULTS0 Children,11.5,4.14,10.0
Jersey County,2 ADULTS1 Child,15.65,5.22,10.0
Jersey County,2 ADULTS2 Children,19.38,6.3,10.0
Jersey County,2 ADULTS3 Children,22.37,7.38,10.0
Jo Daviess County,1 ADULT0 Children,13.16,6.13,10.0
Jo Daviess County,1 ADULT1 Child,27.19,8.29,10.0
Jo Daviess County,1 ADULT2 Children,33.77,10.44,10.0
Jo Daviess County,1 ADULT3 Children,42.99,12.6,10.0
Jo Daviess County,2 ADULTS 1 WORKING0 Children,22.23,8.29,10.0
Jo Daviess County,2 ADULTS 1 WORKING1 Child,26.04,10.44,10.0
Jo Daviess County,2 ADULTS 1 WORKING2 Children,29.69,12.6,10.0
Jo Daviess County,2 ADULTS 1 WORKING3 Children,31.35,14.75,10.0
Jo Daviess County,2 ADULTS0 Children,11.12,4.14,10.0
Jo Daviess County,2 ADULTS1 Child,14.99,5.22,10.0
Jo Daviess County,2 ADULTS2 Children,18.79,6.3,10.0
Jo Daviess County,2 ADULTS3 Children,21.59,7.38,10.0
Johnson County,1 ADULT0 Children,12.76,6.13,10.0
Johnson County,1 ADULT1 Child,27.45,8.29,10.0
Johnson County,1 ADULT2 Children,34.3,10.44,10.0
Johnson County,1 ADULT3 Children,43.53,12.6,10.0
Johnson County,2 ADULTS 1 WORKING0 Children,21.78,8.29,10.0
Johnson County,2 ADULTS 1 WORKING1 Child,26.04,10.44,10.0
Johnson County,2 ADULTS 1 WORKING2 Children,29.69,12.6,10.0
Johnson County,2 ADULTS 1 WORKING3 Children,31.1,14.75,10.0
Johnson County,2 ADULTS0 Children,10.89,4.14,10.0
Johnson County,2 ADULTS1 Child,15.12,5.22,10.0
Johnson County,2 ADULTS2 Children,19.05,6.3,10.0
Johnson County,2 ADULTS3 Children,21.86,7.38,10.0
Kane County,1 ADULT0 Children,16.32,6.13,10.0
Kane County,1 ADULT1 Child,33.08,8.29,10.0
Kane County,1 ADULT2 Children,41.66,10.44,10.0
Kane County,1 ADULT3 Children,53.78,12.6,10.0
Kane County,2 ADULTS 1 WORKING0 Children,25.66,8.29,10.0
Kane County,2 ADULTS 1 WORKING1 Child,29.95,10.44,10.0
Kane County,2 ADULTS 1 WORKING2 Children,33.61,12.6,10.0
Kane County,2 ADULTS 1 WORKING3 Children,36.19,14.75,10.0
Kane County,2 ADULTS0 Children,12.83,4.14,10.0
Kane County,2 ADULTS1 Child,17.94,5.22,10.0
Kane County,2 ADULTS2 Children,22.73,6.3,10.0
Kane County,2 ADULTS3 Children,26.99,7.38,10.0
Kankakee County,1 ADULT0 Children,13.94,6.13,10.0
Kankakee County,1 ADULT1 Child,29.09,8.29,10.0
Kankakee County,1 ADULT2 Children,36.05,10.44,10.0
Kankakee County,1 ADULT3 Children,46.37,12.6,10.0
Kankakee County,2 ADULTS 1 WORKING0 Children,22.93,8.29,10.0
Kankakee County,2 ADULTS 1 WORKING1 Child,27.56,10.44,10.0
Kankakee County,2 ADULTS 1 WORKING2 Children,31.22,12.6,10.0
Kankakee County,2 ADULTS 1 WORKING3 Children,33.59,14.75,10.0
Kankakee County,2 ADULTS0 Children,11.46,4.14,10.0
Kankakee County,2 ADULTS1 Child,15.94,5.22,10.0
Kankakee County,2 ADULTS2 Children,19.93,6.3,10.0
Kankakee County,2 ADULTS3 Children,23.28,7.38,10.0
Kendall County,1 ADULT0 Children,16.22,6.13,10.0
Kendall County,1 ADULT1 Child,33.62,8.29,10.0
Kendall County,1 ADULT2 Children,42.79,10.44,10.0
Kendall County,1 ADULT3 Children,57.02,12.6,10.0
Kendall County,2 ADULTS 1 WORKING0 Children,24.74,8.29,10.0
Kendall County,2 ADULTS 1 WORKING1 Child,29.89,10.44,10.0
Kendall County,2 ADULTS 1 WORKING2 Children,33.55,12.6,10.0
Kendall County,2 ADULTS 1 WORKING3 Children,37.64,14.75,10.0
Kendall County,2 ADULTS0 Children,12.37,4.14,10.0
Kendall County,2 ADULTS1 Child,18.21,5.22,10.0
Kendall County,2 ADULTS2 Children,23.3,6.3,10.0
Kendall County,2 ADULTS3 Children,28.6,7.38,10.0
Knox County,1 ADULT0 Children,12.76,6.13,10.0
Knox County,1 ADULT1 Child,27.45,8.29,10.0
Knox County,1 ADULT2 Children,34.3,10.44,10.0
Knox County,1 ADULT3 Children,44.05,12.6,10.0
Knox County,2 ADULTS 1 WORKING0 Children,21.78,8.29,10.0
Knox County,2 ADULTS 1 WORKING1 Child,26.04,10.44,10.0
Knox County,2 ADULTS 1 WORKING2 Children,29.69,12.6,10.0
Knox County,2 ADULTS 1 WORKING3 Children,31.61,14.75,10.0
Knox County,2 ADULTS0 Children,10.89,4.14,10.0
Knox County,2 ADULTS1 Child,15.12,5.22,10.0
Knox County,2 ADULTS2 Children,19.05,6.3,10.0
Knox County,2 ADULTS3 Children,22.12,7.38,10.0
Lake County,1 ADULT0 Children,16.32,6.13,10.0
Lake County,1 ADULT1 Child,32.32,8.29,10.0
Lake County,1 ADULT2 Children,40.12,10.44,10.0
Lake County,1 ADULT3 Children,51.48,12.6,10.0
Lake County,2 ADULTS 1 WORKING0 Children,25.66,8.29,10.0
Lake County,2 ADULTS 1 WORKING1 Child,29.95,10.44,10.0
Lake County,2 ADULTS 1 WORKING2 Children,33.61,12.6,10.0
Lake County,2 ADULTS 1 WORKING3 Children,36.19,14.75,10.0
Lake County,2 ADULTS0 Children,12.83,4.14,10.0
Lake County,2 ADULTS1 Child,17.56,5.22,10.0
Lake County,2 ADULTS2 Children,21.96,6.3,10.0
Lake County,2 ADULTS3 Children,25.83,7.38,10.0
LaSalle County,1 ADULT0 Children,13.14,6.13,10.0
LaSalle County,1 ADULT1 Child,27.94,8.29,10.0
LaSalle County,1 ADULT2 Children,34.68,10.44,10.0
LaSalle County,1 ADULT3 Children,44.56,12.6,10.0
LaSalle County,2 ADULTS 1 WORKING0 Children,22.22,8.29,10.0
LaSalle County,2 ADULTS 1 WORKING1 Child,26.63,10.44,10.0
LaSalle County,2 ADULTS 1 WORKING2 Children,30.28,12.6,10.0
LaSalle County,2 ADULTS 1 WORKING3 Children,32.44,14.75,10.0
LaSalle County,2 ADULTS0 Children,11.11,4.14,10.0
LaSalle County,2 ADULTS1 Child,15.36,5.22,10.0
LaSalle County,2 ADULTS2 Children,19.24,6.3,10.0
LaSalle County,2 ADULTS3 Children,22.37,7.38,10.0
Lawrence County,1 ADULT0 Children,12.9,6.13,10.0
Lawrence County,1 ADULT1 Child,26.53,8.29,10.0
Lawrence County,1 ADULT2 Children,32.46,10.44,10.0
Lawrence County,1 ADULT3 Children,40.77,12.6,10.0
Lawrence County,2 ADULTS 1 WORKING0 Children,21.78,8.29,10.0
Lawrence County,2 ADULTS 1 WORKING1 Child,26.04,10.44,10.0
Lawrence County,2 ADULTS 1 WORKING2 Children,29.69,12.6,10.0
Lawrence County,2 ADULTS 1 WORKING3 Children,31.1,14.75,10.0
Lawrence County,2 ADULTS0 Children,10.89,4.14,10.0
Lawrence County,2 ADULTS1 Child,14.66,5.22,10.0
Lawrence County,2 ADULTS2 Children,18.13,6.3,10.0
Lawrence County,2 ADULTS3 Children,20.48,7.38,10.0
Lee County,1 ADULT0 Children,12.91,6.13,10.0
Lee County,1 ADULT1 Child,27.48,8.29,10.0
Lee County,1 ADULT2 Children,34.12,10.44,10.0
Lee County,1 ADULT3 Children,43.2,12.6,10.0
Lee County,2 ADULTS 1 WORKING0 Children,21.96,8.29,10.0
Lee County,2 ADULTS 1 WORKING1 Child,26.28,10.44,10.0
Lee County,2 ADULTS 1 WORKING2 Children,29.94,12.6,10.0
Lee County,2 ADULTS 1 WORKING3 Children,31.4,14.75,10.0
Lee County,2 ADULTS0 Children,10.98,4.14,10.0
Lee County,2 ADULTS1 Child,15.14,5.22,10.0
Lee County,2 ADULTS2 Children,18.96,6.3,10.0
Lee County,2 ADULTS3 Children,21.69,7.38,10.0
Livingston County,1 ADULT0 Children,12.81,6.13,10.0
Livingston County,1 ADULT1 Child,27.27,8.29,10.0
Livingston County,1 ADULT2 Children,33.86,10.44,10.0
Livingston County,1 ADULT3 Children,43.21,12.6,10.0
Livingston County,2 ADULTS 1 WORKING0 Children,21.87,8.29,10.0
Livingston County,2 ADULTS 1 WORKING1 Child,26.12,10.44,10.0
Livingston County,2 ADULTS 1 WORKING2 Children,29.78,12.6,10.0
Livingston County,2 ADULTS 1 WORKING3 Children,31.57,14.75,10.0
Livingston County,2 ADULTS0 Children,10.93,4.14,10.0
Livingston County,2 ADULTS1 Child,15.03,5.22,10.0
Livingston County,2 ADULTS2 Children,18.83,6.3,10.0
Livingston County,2 ADULTS3 Children,21.7,7.38,10.0
Logan County,1 ADULT0 Children,13.01,6.13,10.0
Logan County,1 ADULT1 Child,27.37,8.29,10.0
Logan County,1 ADULT2 Children,33.96,10.44,10.0
Logan County,1 ADULT3 Children,43.36,12.6,10.0
Logan County,2 ADULTS 1 WORKING0 Children,21.92,8.29,10.0
Logan County,2 ADULTS 1 WORKING1 Child,26.22,10.44,10.0
Logan County,2 ADULTS 1 WORKING2 Children,29.88,12.6,10.0
Logan County,2 ADULTS 1 WORKING3 Children,31.72,14.75,10.0
Logan County,2 ADULTS0 Children,10.96,4.14,10.0
Logan County,2 ADULTS1 Child,15.08,5.22,10.0
Logan County,2 ADULTS2 Children,18.88,6.3,10.0
Logan County,2 ADULTS3 Children,21.78,7.38,10.0
Macon County,1 ADULT0 Children,13.01,6.13,10.0
Macon County,1 ADULT1 Child,27.92,8.29,10.0
Macon County,1 ADULT2 Children,34.86,10.44,10.0
Macon County,1 ADULT3 Children,44.96,12.6,10.0
Macon County,2 ADULTS 1 WORKING0 Children,22.19,8.29,10.0
Macon County,2 ADULTS 1 WORKING1 Child,26.42,10.44,10.0
Macon County,2 ADULTS 1 WORKING2 Children,30.08,12.6,10.0
Macon County,2 ADULTS 1 WORKING3 Children,32.26,14.75,10.0
Macon County,2 ADULTS0 Children,11.09,4.14,10.0
Macon County,2 ADULTS1 Child,15.36,5.22,10.0
Macon County,2 ADULTS2 Children,19.33,6.3,10.0
Macon County,2 ADULTS3 Children,22.57,7.38,10.0
Macoupin County,1 ADULT0 Children,13.26,6.13,10.0
Macoupin County,1 ADULT1 Child,27.11,8.29,10.0
Macoupin County,1 ADULT2 Children,33.62,10.44,10.0
Macoupin County,1 ADULT3 Children,43.06,12.6,10.0
Macoupin County,2 ADULTS 1 WORKING0 Children,21.78,8.29,10.0
Macoupin County,2 ADULTS 1 WORKING1 Child,26.04,10.44,10.0
Macoupin County,2 ADULTS 1 WORKING2 Children,29.69,12.6,10.0
Macoupin County,2 ADULTS 1 WORKING3 Children,31.65,14.75,10.0
Macoupin County,2 ADULTS0 Children,10.89,4.14,10.0
Macoupin County,2 ADULTS1 Child,14.95,5.22,10.0
Macoupin County,2 ADULTS2 Children,18.71,6.3,10.0
Macoupin County,2 ADULTS3 Children,21.62,7.38,10.0
Madison County,1 ADULT0 Children,14.02,6.13,10.0
Madison County,1 ADULT1 Child,29.55,8.29,10.0
Madison County,1 ADULT2 Children,37.04,10.44,10.0
Madison County,1 ADULT3 Children,47.67,12.6,10.0
Madison County,2 ADULTS 1 WORKING0 Children,22.99,8.29,10.0
Madison County,2 ADULTS 1 WORKING1 Child,27.51,10.44,10.0
Madison County,2 ADULTS 1 WORKING2 Children,31.17,12.6,10.0
Madison County,2 ADULTS 1 WORKING3 Children,33.34,14.75,10.0
Madison County,2 ADULTS0 Children,11.5,4.14,10.0
Madison County,2 ADULTS1 Child,16.17,5.22,10.0
Madison County,2 ADULTS2 Children,20.42,6.3,10.0
Madison County,2 ADULTS3 Children,23.93,7.38,10.0
Marion County,1 ADULT0 Children,12.77,6.13,10.0
Marion County,1 ADULT1 Child,27.18,8.29,10.0
Marion County,1 ADULT2 Children,33.77,10.44,10.0
Marion County,1 ADULT3 Children,43.19,12.6,10.0
Marion County,2 ADULTS 1 WORKING0 Children,21.88,8.29,10.0
Marion County,2 ADULTS 1 WORKING1 Child,26.04,10.44,10.0
Marion County,2 ADULTS 1 WORKING2 Children,29.69,12.6,10.0
Marion County,2 ADULTS 1 WORKING3 Children,31.55,14.75,10.0
Marion County,2 ADULTS0 Children,10.94,4.14,10.0
Marion County,2 ADULTS1 Child,14.99,5.22,10.0
Marion County,2 ADULTS2 Children,18.79,6.3,10.0
Marion County,2 ADULTS3 Children,21.69,7.38,10.0
Marshall County,1 ADULT0 Children,13.53,6.13,10.0
Marshall County,1 ADULT1 Child,28.73,8.29,10.0
Marshall County,1 ADULT2 Children,36.34,10.44,10.0
Marshall County,1 ADULT3 Children,46.72,12.6,10.0
Marshall County,2 ADULTS 1 WORKING0 Children,22.32,8.29,10.0
Marshall County,2 ADULTS 1 WORKING1 Child,26.56,10.44,10.0
Marshall County,2 ADULTS 1 WORKING2 Children,30.22,12.6,10.0
Marshall County,2 ADULTS 1 WORKING3 Children,32.01,14.75,10.0
Marshall County,2 ADULTS0 Children,11.16,4.14,10.0
Marshall County,2 ADULTS1 Child,15.76,5.22,10.0
Marshall County,2 ADULTS2 Children,20.07,6.3,10.0
Marshall County,2 ADULTS3 Children,23.45,7.38,10.0
Mason County,1 ADULT0 Children,13.01,6.13,10.0
Mason County,1 ADULT1 Child,27.97,8.29,10.0
Mason County,1 ADULT2 Children,35.17,10.44,10.0
Mason County,1 ADULT3 Children,44.78,12.6,10.0
Mason County,2 ADULTS 1 WORKING0 Children,21.91,8.29,10.0
Mason County,2 ADULTS 1 WORKING1 Child,26.21,10.44,10.0
Mason County,2 ADULTS 1 WORKING2 Children,29.87,12.6,10.0
Mason County,2 ADULTS 1 WORKING3 Children,31.32,14.75,10.0
Mason County,2 ADULTS0 Children,10.96,4.14,10.0
Mason County,2 ADULTS1 Child,15.38,5.22,10.0
Mason County,2 ADULTS2 Children,19.49,6.3,10.0
Mason County,2 ADULTS3 Children,22.49,7.38,10.0
Massac County,1 ADULT0 Children,13.34,6.13,10.0
Massac County,1 ADULT1 Child,27.79,8.29,10.0
Massac County,1 ADULT2 Children,34.32,10.44,10.0
Massac County,1 ADULT3 Children,43.39,12.6,10.0
Massac County,2 ADULTS 1 WORKING0 Children,22.33,8.29,10.0
Massac County,2 ADULTS 1 WORKING1 Child,26.7,10.44,10.0
Massac County,2 ADULTS 1 WORKING2 Children,30.36,12.6,10.0
Massac County,2 ADULTS 1 WORKING3 Children,31.93,14.75,10.0
Massac County,2 ADULTS0 Children,11.17,4.14,10.0
Massac County,2 ADULTS1 Child,15.29,5.22,10.0
Massac County,2 ADULTS2 Children,19.06,6.3,10.0
Massac County,2 ADULTS3 Children,21.79,7.38,10.0
McDonough County,1 ADULT0 Children,12.89,6.13,10.0
McDonough County,1 ADULT1 Child,26.9,8.29,10.0
McDonough County,1 ADULT2 Children,33.2,10.44,10.0
McDonough County,1 ADULT3 Children,41.98,12.6,10.0
McDonough County,2 ADULTS 1 WORKING0 Children,22.04,8.29,10.0
McDonough County,2 ADULTS 1 WORKING1 Child,26.04,10.44,10.0
McDonough County,2 ADULTS 1 WORKING2 Children,29.69,12.6,10.0
McDonough County,2 ADULTS 1 WORKING3 Children,31.2,14.75,10.0
McDonough County,2 ADULTS0 Children,11.02,4.14,10.0
McDonough County,2 ADULTS1 Child,14.85,5.22,10.0
McDonough County,2 ADULTS2 Children,18.5,6.3,10.0
McDonough County,2 ADULTS3 Children,21.08,7.38,10.0
McHenry County,1 ADULT0 Children,16.32,6.13,10.0
McHenry County,1 ADULT1 Child,33.1,8.29,10.0
McHenry County,1 ADULT2 Children,41.69,10.44,10.0
McHenry County,1 ADULT3 Children,53.83,12.6,10.0
McHenry County,2 ADULTS 1 WORKING0 Children,25.66,8.29,10.0
McHenry County,2 ADULTS 1 WORKING1 Child,29.95,10.44,10.0
McHenry County,2 ADULTS 1 WORKING2 Children,33.61,12.6,10.0
McHenry County,2 ADULTS 1 WORKING3 Children,36.19,14.75,10.0
McHenry County,2 ADULTS0 Children,12.83,4.14,10.0
McHenry County,2 ADULTS1 Child,17.95,5.22,10.0
McHenry County,2 ADULTS2 Children,22.75,6.3,10.0
McHenry County,2 ADULTS3 Children,27.01,7.38,10.0
McLean County,1 ADULT0 Children,13.64,6.13,10.0
McLean County,1 ADULT1 Child,29.1,8.29,10.0
McLean County,1 ADULT2 Children,36.69,10.44,10.0
McLean County,1 ADULT3 Children,47.81,12.6,10.0
McLean County,2 ADULTS 1 WORKING0 Children,22.62,8.29,10.0
McLean County,2 ADULTS 1 WORKING1 Child,26.95,10.44,10.0
McLean County,2 ADULTS 1 WORKING2 Children,30.61,12.6,10.0
McLean County,2 ADULTS 1 WORKING3 Children,33.16,14.75,10.0
McLean County,2 ADULTS0 Children,11.31,4.14,10.0
McLean County,2 ADULTS1 Child,15.95,5.22,10.0
McLean County,2 ADULTS2 Children,20.25,6.3,10.0
McLean County,2 ADULTS3 Children,24.0,7.38,10.0
Menard County,1 ADULT0 Children,13.38,6.13,10.0
Menard County,1 ADULT1 Child,27.98,8.29,10.0
Menard County,1 ADULT2 Children,34.62,10.44,10.0
Menard County,1 ADULT3 Children,43.83,12.6,10.0
Menard County,2 ADULTS 1 WORKING0 Children,22.47,8.29,10.0
Menard County,2 ADULTS 1 WORKING1 Child,26.78,10.44,10.0
Menard County,2 ADULTS 1 WORKING2 Children,30.43,12.6,10.0
Menard County,2 ADULTS 1 WORKING3 Children,32.03,14.75,10.0
Menard County,2 ADULTS0 Children,11.23,4.14,10.0
Menard County,2 ADULTS1 Child,15.39,5.22,10.0
Menard County,2 ADULTS2 Children,19.21,6.3,10.0
Menard County,2 ADULTS3 Children,22.01,7.38,10.0
Mercer County,1 ADULT0 Children,13.25,6.13,10.0
Mercer County,1 ADULT1 Child,27.77,8.29,10.0
Mercer County,1 ADULT2 Children,34.38,10.44,10.0
Mercer County,1 ADULT3 Children,43.92,12.6,10.0
Mercer County,2 ADULTS 1 WORKING0 Children,22.38,8.29,10.0
Mercer County,2 ADULTS 1 WORKING1 Child,26.61,10.44,10.0
Mercer County,2 ADULTS 1 WORKING2 Children,30.26,12.6,10.0
Mercer County,2 ADULTS 1 WORKING3 Children,32.22,14.75,10.0
Mercer County,2 ADULTS0 Children,11.19,4.14,10.0
Mercer County,2 ADULTS1 Child,15.28,5.22,10.0
Mercer County,2 ADULTS2 Children,19.09,6.3,10.0
Mercer County,2 ADULTS3 Children,22.05,7.38,10.0
Monroe County,1 ADULT0 Children,14.02,6.13,10.0
Monroe County,1 ADULT1 Child,29.24,8.29,10.0
Monroe County,1 ADULT2 Children,36.41,10.44,10.0
Monroe County,1 ADULT3 Children,46.74,12.6,10.0
Monroe County,2 ADULTS 1 WORKING0 Children,22.99,8.29,10.0
Monroe County,2 ADULTS 1 WORKING1 Child,27.51,10.44,10.0
Monroe County,2 ADULTS 1 WORKING2 Children,31.17,12.6,10.0
Monroe County,2 ADULTS 1 WORKING3 Children,33.34,14.75,10.0
Monroe County,2 ADULTS0 Children,11.5,4.14,10.0
Monroe County,2 ADULTS1 Child,16.02,5.22,10.0
Monroe County,2 ADULTS2 Children,20.11,6.3,10.0
Monroe County,2 ADULTS3 Children,23.46,7.38,10.0
Montgomery County,1 ADULT0 Children,13.13,6.13,10.0
Montgomery County,1 ADULT1 Child,27.08,8.29,10.0
Montgomery County,1 ADULT2 Children,33.56,10.44,10.0
Montgomery County,1 ADULT3 Children,42.43,12.6,10.0
Montgomery County,2 ADULTS 1 WORKING0 Children,22.01,8.29,10.0
Montgomery County,2 ADULTS 1 WORKING1 Child,26.04,10.44,10.0
Montgomery County,2 ADULTS 1 WORKING2 Children,29.69,12.6,10.0
Montgomery County,2 ADULTS 1 WORKING3 Children,31.1,14.75,10.0
Montgomery County,2 ADULTS0 Children,11.01,4.14,10.0
Montgomery County,2 ADULTS1 Child,14.94,5.22,10.0
Montgomery County,2 ADULTS2 Children,18.69,6.3,10.0
Montgomery County,2 ADULTS3 Children,21.31,7.38,10.0
Morgan County,1 ADULT0 Children,12.89,6.13,10.0
Morgan County,1 ADULT1 Child,27.49,8.29,10.0
Morgan County,1 ADULT2 Children,34.18,10.44,10.0
Morgan County,1 ADULT3 Children,43.66,12.6,10.0
Morgan County,2 ADULTS 1 WORKING0 Children,21.93,8.29,10.0
Morgan County,2 ADULTS 1 WORKING1 Child,26.24,10.44,10.0
Morgan County,2 ADULTS 1 WORKING2 Children,29.89,12.6,10.0
Morgan County,2 ADULTS 1 WORKING3 Children,31.7,14.75,10.0
Morgan County,2 ADULTS0 Children,10.96,4.14,10.0
Morgan County,2 ADULTS1 Child,15.14,5.22,10.0
Morgan County,2 ADULTS2 Children,19.0,6.3,10.0
Morgan County,2 ADULTS3 Children,21.93,7.38,10.0
Moultrie County,1 ADULT0 Children,13.21,6.13,10.0
Moultrie County,1 ADULT1 Child,27.55,8.29,10.0
Moultrie County,1 ADULT2 Children,34.51,10.44,10.0
Moultrie County,1 ADULT3 Children,44.7,12.6,10.0
Moultrie County,2 ADULTS 1 WORKING0 Children,22.27,8.29,10.0
Moultrie County,2 ADULTS 1 WORKING1 Child,26.04,10.44,10.0
Moultrie County,2 ADULTS 1 WORKING2 Children,29.69,12.6,10.0
Moultrie County,2 ADULTS 1 WORKING3 Children,31.95,14.75,10.0
Moultrie County,2 ADULTS0 Children,11.13,4.14,10.0
Moultrie County,2 ADULTS1 Child,15.17,5.22,10.0
Moultrie County,2 ADULTS2 Children,19.16,6.3,10.0
Moultrie County,2 ADULTS3 Children,22.45,7.38,10.0
Ogle County,1 ADULT0 Children,13.26,6.13,10.0
Ogle County,1 ADULT1 Child,28.61,8.29,10.0
Ogle County,1 ADULT2 Children,35.98,10.44,10.0
Ogle County,1 ADULT3 Children,46.21,12.6,10.0
Ogle County,2 ADULTS 1 WORKING0 Children,22.27,8.29,10.0
Ogle County,2 ADULTS 1 WORKING1 Child,26.68,10.44,10.0
Ogle County,2 ADULTS 1 WORKING2 Children,30.34,12.6,10.0
Ogle County,2 ADULTS 1 WORKING3 Children,32.22,14.75,10.0
Ogle County,2 ADULTS0 Children,11.13,4.14,10.0
Ogle County,2 ADULTS1 Child,15.7,5.22,10.0
Ogle County,2 ADULTS2 Children,19.89,6.3,10.0
Ogle County,2 ADULTS3 Children,23.2,7.38,10.0
Peoria County,1 ADULT0 Children,13.53,6.13,10.0
Peoria County,1 ADULT1 Child,28.58,8.29,10.0
Peoria County,1 ADULT2 Children,36.03,10.44,10.0
Peoria County,1 ADULT3 Children,46.24,12.6,10.0
Peoria County,2 ADULTS 1 WORKING0 Children,22.32,8.29,10.0
Peoria County,2 ADULTS 1 WORKING1 Child,26.56,10.44,10.0
Peoria County,2 ADULTS 1 WORKING2 Children,30.22,12.6,10.0
Peoria County,2 ADULTS 1 WORKING3 Children,32.01,14.75,10.0
Peoria County,2 ADULTS0 Children,11.16,4.14,10.0
Peoria County,2 ADULTS1 Child,15.68,5.22,10.0
Peoria County,2 ADULTS2 Children,19.92,6.3,10.0
Peoria County,2 ADULTS3 Children,23.21,7.38,10.0
Perry County,1 ADULT0 Children,12.89,6.13,10.0
Perry County,1 ADULT1 Child,27.3,8.29,10.0
Perry County,1 ADULT2 Children,34.01,10.44,10.0
Perry County,1 ADULT3 Children,43.74,12.6,10.0
Perry County,2 ADULTS 1 WORKING0 Children,22.27,8.29,10.0
Perry County,2 ADULTS 1 WORKING1 Child,26.04,10.44,10.0
Perry County,2 ADULTS 1 WORKING2 Children,29.69,12.6,10.0
Perry County,2 ADULTS 1 WORKING3 Children,31.74,14.75,10.0
Perry County,2 ADULTS0 Children,11.13,4.14,10.0
Perry County,2 ADULTS1 Child,15.05,5.22,10.0
Perry County,2 ADULTS2 Children,18.91,6.3,10.0
Perry County,2 ADULTS3 Children,21.96,7.38,10.0
Piatt County,1 ADULT0 Children,14.68,6.13,10.0
Piatt County,1 ADULT1 Child,28.51,8.29,10.0
Piatt County,1 ADULT2 Children,35.26,10.44,10.0
Piatt County,1 ADULT3 Children,44.91,12.6,10.0
Piatt County,2 ADULTS 1 WORKING0 Children,23.2,8.29,10.0
Piatt County,2 ADULTS 1 WORKING1 Child,27.2,10.44,10.0
Piatt County,2 ADULTS 1 WORKING2 Children,30.86,12.6,10.0
Piatt County,2 ADULTS 1 WORKING3 Children,32.79,14.75,10.0
Piatt County,2 ADULTS0 Children,11.6,4.14,10.0
Piatt County,2 ADULTS1 Child,15.65,5.22,10.0
Piatt County,2 ADULTS2 Children,19.53,6.3,10.0
Piatt County,2 ADULTS3 Children,22.55,7.38,10.0
Pike County,1 ADULT0 Children,13.26,6.13,10.0
Pike County,1 ADULT1 Child,26.4,8.29,10.0
Pike County,1 ADULT2 Children,32.2,10.44,10.0
Pike County,1 ADULT3 Children,40.38,12.6,10.0
Pike County,2 ADULTS 1 WORKING0 Children,21.78,8.29,10.0
Pike County,2 ADULTS 1 WORKING1 Child,26.04,10.44,10.0
Pike County,2 ADULTS 1 WORKING2 Children,29.69,12.6,10.0
Pike County,2 ADULTS 1 WORKING3 Children,31.1,14.75,10.0
Pike County,2 ADULTS0 Children,10.89,4.14,10.0
Pike County,2 ADULTS1 Child,14.6,5.22,10.0
Pike County,2 ADULTS2 Children,18.0,6.3,10.0
Pike County,2 ADULTS3 Children,20.28,7.38,10.0
Pope County,1 ADULT0 Children,12.89,6.13,10.0
Pope County,1 ADULT1 Child,27.37,8.29,10.0
Pope County,1 ADULT2 Children,34.14,10.44,10.0
Pope County,1 ADULT3 Children,44.17,12.6,10.0
Pope County,2 ADULTS 1 WORKING0 Children,21.78,8.29,10.0
Pope County,2 ADULTS 1 WORKING1 Child,26.04,10.44,10.0
Pope County,2 ADULTS 1 WORKING2 Children,29.69,12.6,10.0
Pope County,2 ADULTS 1 WORKING3 Children,31.98,14.75,10.0
Pope County,2 ADULTS0 Children,10.89,4.14,10.0
Pope County,2 ADULTS1 Child,15.08,5.22,10.0
Pope County,2 ADULTS2 Children,18.97,6.3,10.0
Pope County,2 ADULTS3 Children,22.18,7.38,10.0
Pulaski County,1 ADULT0 Children,13.76,6.13,10.0
Pulaski County,1 ADULT1 Child,27.68,8.29,10.0
Pulaski County,1 ADULT2 Children,34.76,10.44,10.0
Pulaski County,1 ADULT3 Children,45.2,12.6,10.0
Pulaski County,2 ADULTS 1 WORKING0 Children,22.37,8.29,10.0
Pulaski County,2 ADULTS 1 WORKING1 Child,26.04,10.44,10.0
Pulaski County,2 ADULTS 1 WORKING2 Children,29.69,12.6,10.0
Pulaski County,2 ADULTS 1 WORKING3 Children,32.07,14.75,10.0
Pulaski County,2 ADULTS0 Children,11.18,4.14,10.0
Pulaski County,2 ADULTS1 Child,15.24,5.22,10.0
Pulaski County,2 ADULTS2 Children,19.28,6.3,10.0
Pulaski County,2 ADULTS3 Children,22.69,7.38,10.0
Putnam County,1 ADULT0 Children,13.21,6.13,10.0
Putnam County,1 ADULT1 Child,27.5,8.29,10.0
Putnam County,1 ADULT2 Children,34.09,10.44,10.0
Putnam County,1 ADULT3 Children,43.17,12.6,10.0
Putnam County,2 ADULTS 1 WORKING0 Children,22.01,8.29,10.0
Putnam County,2 ADULTS 1 WORKING1 Child,26.35,10.44,10.0
Putnam County,2 ADULTS 1 WORKING2 Children,30.01,12.6,10.0
Putnam County,2 ADULTS 1 WORKING3 Children,31.52,14.75,10.0
Putnam County,2 ADULTS0 Children,11.01,4.14,10.0
Putnam County,2 ADULTS1 Child,15.15,5.22,10.0
Putnam County,2 ADULTS2 Children,18.95,6.3,10.0
Putnam County,2 ADULTS3 Children,21.68,7.38,10.0
Randolph County,1 ADULT0 Children,12.9,6.13,10.0
Randolph County,1 ADULT1 Child,27.72,8.29,10.0
Randolph County,1 ADULT2 Children,34.84,10.44,10.0
Randolph County,1 ADULT3 Children,44.79,12.6,10.0
Randolph County,2 ADULTS 1 WORKING0 Children,22.08,8.29,10.0
Randolph County,2 ADULTS 1 WORKING1 Child,26.05,10.44,10.0
Randolph County,2 ADULTS 1 WORKING2 Children,29.71,12.6,10.0
Randolph County,2 ADULTS 1 WORKING3 Children,31.57,14.75,10.0
Randolph County,2 ADULTS0 Children,11.04,4.14,10.0
Randolph County,2 ADULTS1 Child,15.26,5.22,10.0
Randolph County,2 ADULTS2 Children,19.32,6.3,10.0
Randolph County,2 ADULTS3 Children,22.49,7.38,10.0
Richland County,1 ADULT0 Children,13.36,6.13,10.0
Richland County,1 ADULT1 Child,27.29,8.29,10.0
Richland County,1 ADULT2 Children,33.99,10.44,10.0
Richland County,1 ADULT3 Children,43.44,12.6,10.0
Richland County,2 ADULTS 1 WORKING0 Children,21.87,8.29,10.0
Richland County,2 ADULTS 1 WORKING1 Child,26.04,10.44,10.0
Richland County,2 ADULTS 1 WORKING2 Children,29.69,12.6,10.0
Richland County,2 ADULTS 1 WORKING3 Children,31.47,14.75,10.0
Richland County,2 ADULTS0 Children,10.93,4.14,10.0
Richland County,2 ADULTS1 Child,15.04,5.22,10.0
Richland County,2 ADULTS2 Children,18.9,6.3,10.0
Richland County,2 ADULTS3 Children,21.81,7.38,10.0
Rock Island County,1 ADULT0 Children,13.25,6.13,10.0
Rock Island County,1 ADULT1 Child,28.39,8.29,10.0
Rock Island County,1 ADULT2 Children,35.61,10.44,10.0
Rock Island County,1 ADULT3 Children,45.77,12.6,10.0
Rock Island County,2 ADULTS 1 WORKING0 Children,22.38,8.29,10.0
Rock Island County,2 ADULTS 1 WORKING1 Child,26.61,10.44,10.0
Rock Island County,2 ADULTS 1 WORKING2 Children,30.26,12.6,10.0
Rock Island County,2 ADULTS 1 WORKING3 Children,32.22,14.75,10.0
Rock Island County,2 ADULTS0 Children,11.19,4.14,10.0
Rock Island County,2 ADULTS1 Child,15.59,5.22,10.0
Rock Island County,2 ADULTS2 Children,19.71,6.3,10.0
Rock Island County,2 ADULTS3 Children,22.98,7.38,10.0
Saline County,1 ADULT0 Children,12.89,6.13,10.0
Saline County,1 ADULT1 Child,27.53,8.29,10.0
Saline County,1 ADULT2 Children,34.47,10.44,10.0
Saline County,1 ADULT3 Children,44.33,12.6,10.0
Saline County,2 ADULTS 1 WORKING0 Children,21.78,8.29,10.0
Saline County,2 ADULTS 1 WORKING1 Child,26.04,10.44,10.0
Saline County,2 ADULTS 1 WORKING2 Children,29.69,12.6,10.0
Saline County,2 ADULTS 1 WORKING3 Children,31.64,14.75,10.0
Saline County,2 ADULTS0 Children,10.89,4.14,10.0
Saline County,2 ADULTS1 Child,15.16,5.22,10.0
Saline County,2 ADULTS2 Children,19.14,6.3,10.0
Saline County,2 ADULTS3 Children,22.26,7.38,10.0
Sangamon County,1 ADULT0 Children,13.38,6.13,10.0
Sangamon County,1 ADULT1 Child,28.61,8.29,10.0
Sangamon County,1 ADULT2 Children,35.87,10.44,10.0
Sangamon County,1 ADULT3 Children,45.71,12.6,10.0
Sangamon County,2 ADULTS 1 WORKING0 Children,22.47,8.29,10.0
Sangamon County,2 ADULTS 1 WORKING1 Child,26.78,10.44,10.0
Sangamon County,2 ADULTS 1 WORKING2 Children,30.43,12.6,10.0
Sangamon County,2 ADULTS 1 WORKING3 Children,32.03,14.75,10.0
Sangamon County,2 ADULTS0 Children,11.23,4.14,10.0
Sangamon County,2 ADULTS1 Child,15.7,5.22,10.0
Sangamon County,2 ADULTS2 Children,19.84,6.3,10.0
Sangamon County,2 ADULTS3 Children,22.95,7.38,10.0
Schuyler County,1 ADULT0 Children,12.89,6.13,10.0
Schuyler County,1 ADULT1 Child,26.85,8.29,10.0
Schuyler County,1 ADULT2 Children,33.11,10.44,10.0
Schuyler County,1 ADULT3 Children,41.75,12.6,10.0
Schuyler County,2 ADULTS 1 WORKING0 Children,21.78,8.29,10.0
Schuyler County,2 ADULTS 1 WORKING1 Child,26.04,10.44,10.0
Schuyler County,2 ADULTS 1 WORKING2 Children,29.69,12.6,10.0
Schuyler County,2 ADULTS 1 WORKING3 Children,31.1,14.75,10.0
Schuyler County,2 ADULTS0 Children,10.89,4.14,10.0
Schuyler County,2 ADULTS1 Child,14.82,5.22,10.0
Schuyler County,2 ADULTS2 Children,18.46,6.3,10.0
Schuyler County,2 ADULTS3 Children,20.97,7.38,10.0
Scott County,1 ADULT0 Children,12.89,6.13,10.0
Scott County,1 ADULT1 Child,26.4,8.29,10.0
Scott County,1 ADULT2 Children,32.2,10.44,10.0
Scott County,1 ADULT3 Children,40.38,12.6,10.0
Scott County,2 ADULTS 1 WORKING0 Children,21.78,8.29,10.0
Scott County,2 ADULTS 1 WORKING1 Child,26.04,10.44,10.0
Scott County,2 ADULTS 1 WORKING2 Children,29.69,12.6,10.0
Scott County,2 ADULTS 1 WORKING3 Children,31.1,14.75,10.0
Scott County,2 ADULTS0 Children,10.89,4.14,10.0
Scott County,2 ADULTS1 Child,14.6,5.22,10.0
Scott County,2 ADULTS2 Children,18.0,6.3,10.0
Scott County,2 ADULTS3 Children,20.28,7.38,10.0
Shelby County,1 ADULT0 Children,12.89,6.13,10.0
Shelby County,1 ADULT1 Child,27.11,8.29,10.0
Shelby County,1 ADULT2 Children,33.62,10.44,10.0
Shelby County,1 ADULT3 Children,43.48,12.6,10.0
Shelby County,2 ADULTS 1 WORKING0 Children,22.31,8.29,10.0
Shelby County,2 ADULTS 1 WORKING1 Child,26.04,10.44,10.0
Shelby County,2 ADULTS 1 WORKING2 Children,29.69,12.6,10.0
Shelby County,2 ADULTS 1 WORKING3 Children,32.07,14.75,10.0
Shelby County,2 ADULTS0 Children,11.16,4.14,10.0
Shelby County,2 ADULTS1 Child,14.95,5.22,10.0
Shelby County,2 ADULTS2 Children,18.71,6.3,10.0
Shelby County,2 ADULTS3 Children,21.83,7.38,10.0
Stark County,1 ADULT0 Children,13.53,6.13,10.0
Stark County,1 ADULT1 Child,27.71,8.29,10.0
Stark County,1 ADULT2 Children,34.3,10.44,10.0
Stark County,1 ADULT3 Children,43.65,12.6,10.0
Stark County,2 ADULTS 1 WORKING0 Children,22.32,8.29,10.0
Stark County,2 ADULTS 1 WORKING1 Child,26.56,10.44,10.0
Stark County,2 ADULTS 1 WORKING2 Children,30.22,12.6,10.0
Stark County,2 ADULTS 1 WORKING3 Children,32.01,14.75,10.0
Stark County,2 ADULTS0 Children,11.16,4.14,10.0
Stark County,2 ADULTS1 Child,15.25,5.22,10.0
Stark County,2 ADULTS2 Children,19.05,6.3,10.0
Stark County,2 ADULTS3 Children,21.92,7.38,10.0
St. Clair County,1 ADULT0 Children,14.02,6.13,10.0
St. Clair County,1 ADULT1 Child,29.33,8.29,10.0
St. Clair County,1 ADULT2 Children,36.6,10.44,10.0
St. Clair County,1 ADULT3 Children,47.01,12.6,10.0
St. Clair County,2 ADULTS 1 WORKING0 Children,22.99,8.29,10.0
St. Clair County,2 ADULTS 1 WORKING1 Child,27.51,10.44,10.0
St. Clair County,2 ADULTS 1 WORKING2 Children,31.17,12.6,10.0
St. Clair County,2 ADULTS 1 WORKING3 Children,33.34,14.75,10.0
St. Clair County,2 ADULTS0 Children,11.5,4.14,10.0
St. Clair County,2 ADULTS1 Child,16.06,5.22,10.0
St. Clair County,2 ADULTS2 Children,20.2,6.3,10.0
St. Clair County,2 ADULTS3 Children,23.6,7.38,10.0
Stephenson County,1 ADULT0 Children,12.87,6.13,10.0
Stephenson County,1 ADULT1 Child,26.79,8.29,10.0
Stephenson County,1 ADULT2 Children,32.99,10.44,10.0
Stephenson County,1 ADULT3 Children,41.88,12.6,10.0
Stephenson County,2 ADULTS 1 WORKING0 Children,21.88,8.29,10.0
Stephenson County,2 ADULTS 1 WORKING1 Child,26.04,10.44,10.0
Stephenson County,2 ADULTS 1 WORKING2 Children,29.69,12.6,10.0
Stephenson County,2 ADULTS 1 WORKING3 Children,31.42,14.75,10.0
Stephenson County,2 ADULTS0 Children,10.94,4.14,10.0
Stephenson County,2 ADULTS1 Child,14.79,5.22,10.0
Stephenson County,2 ADULTS2 Children,18.4,6.3,10.0
Stephenson County,2 ADULTS3 Children,21.03,7.38,10.0
Tazewell County,1 ADULT0 Children,13.53,6.13,10.0
Tazewell County,1 ADULT1 Child,28.61,8.29,10.0
Tazewell County,1 ADULT2 Children,36.09,10.44,10.0
Tazewell County,1 ADULT3 Children,46.34,12.6,10.0
Tazewell County,2 ADULTS 1 WORKING0 Children,22.32,8.29,10.0
Tazewell County,2 ADULTS 1 WORKING1 Child,26.56,10.44,10.0
Tazewell County,2 ADULTS 1 WORKING2 Children,30.22,12.6,10.0
Tazewell County,2 ADULTS 1 WORKING3 Children,32.01,14.75,10.0
Tazewell County,2 ADULTS0 Children,11.16,4.14,10.0
Tazewell County,2 ADULTS1 Child,15.7,5.22,10.0
Tazewell County,2 ADULTS2 Children,19.95,6.3,10.0
Tazewell County,2 ADULTS3 Children,23.26,7.38,10.0
Union County,1 ADULT0 Children,12.76,6.13,10.0
Union County,1 ADULT1 Child,26.98,8.29,10.0
Union County,1 ADULT2 Children,33.35,10.44,10.0
Union County,1 ADULT3 Children,43.02,12.6,10.0
Union County,2 ADULTS 1 WORKING0 Children,21.78,8.29,10.0
Union County,2 ADULTS 1 WORKING1 Child,26.04,10.44,10.0
Union County,2 ADULTS 1 WORKING2 Children,29.69,12.6,10.0
Union County,2 ADULTS 1 WORKING3 Children,32.0,14.75,10.0
Union County,2 ADULTS0 Children,10.89,4.14,10.0
Union County,2 ADULTS1 Child,14.88,5.22,10.0
Union County,2 ADULTS2 Children,18.58,6.3,10.0
Union County,2 ADULTS3 Children,21.6,7.38,10.0
Vermilion County,1 ADULT0 Children,12.95,6.13,10.0
Vermilion County,1 ADULT1 Child,27.83,8.29,10.0
Vermilion County,1 ADULT2 Children,34.77,10.44,10.0
Vermilion County,1 ADULT3 Children,44.49,12.6,10.0
Vermilion County,2 ADULTS 1 WORKING0 Children,22.08,8.29,10.0
Vermilion County,2 ADULTS 1 WORKING1 Child,26.33,10.44,10.0
Vermilion County,2 ADULTS 1 WORKING2 Children,29.99,12.6,10.0
Vermilion County,2 ADULTS 1 WORKING3 Children,31.8,14.75,10.0
Vermilion County,2 ADULTS0 Children,11.04,4.14,10.0
Vermilion County,2 ADULTS1 Child,15.31,5.22,10.0
Vermilion County,2 ADULTS2 Children,19.29,6.3,10.0
Vermilion County,2 ADULTS3 Children,22.34,7.38,10.0
Wabash County,1 ADULT0 Children,12.91,6.13,10.0
Wabash County,1 ADULT1 Child,27.69,8.29,10.0
Wabash County,1 ADULT2 Children,34.75,10.44,10.0
Wabash County,1 ADULT3 Children,44.71,12.6,10.0
Wabash County,2 ADULTS 1 WORKING0 Children,21.8,8.29,10.0
Wabash County,2 ADULTS 1 WORKING1 Child,26.06,10.44,10.0
Wabash County,2 ADULTS 1 WORKING2 Children,29.72,12.6,10.0
Wabash County,2 ADULTS 1 WORKING3 Children,31.65,14.75,10.0
Wabash County,2 ADULTS0 Children,10.9,4.14,10.0
Wabash County,2 ADULTS1 Child,15.24,5.22,10.0
Wabash County,2 ADULTS2 Children,19.28,6.3,10.0
Wabash County,2 ADULTS3 Children,22.45,7.38,10.0
Warren County,1 ADULT0 Children,12.88,6.13,10.0
Warren County,1 ADULT1 Child,26.5,8.29,10.0
Warren County,1 ADULT2 Children,32.41,10.44,10.0
Warren County,1 ADULT3 Children,41.14,12.6,10.0
Warren County,2 ADULTS 1 WORKING0 Children,21.85,8.29,10.0
Warren County,2 ADULTS 1 WORKING1 Child,26.04,10.44,10.0
Warren County,2 ADULTS 1 WORKING2 Children,29.69,12.6,10.0
Warren County,2 ADULTS 1 WORKING3 Children,31.55,14.75,10.0
Warren County,2 ADULTS0 Children,10.93,4.14,10.0
Warren County,2 ADULTS1 Child,14.65,5.22,10.0
Warren County,2 ADULTS2 Children,18.11,6.3,10.0
Warren County,2 ADULTS3 Children,20.66,7.38,10.0
Washington County,1 ADULT0 Children,13.52,6.13,10.0
Washington County,1 ADULT1 Child,27.54,8.29,10.0
Washington County,1 ADULT2 Children,34.15,10.44,10.0
Washington County,1 ADULT3 Children,43.22,12.6,10.0
Washington County,2 ADULTS 1 WORKING0 Children,22.03,8.29,10.0
Washington County,2 ADULTS 1 WORKING1 Child,26.37,10.44,10.0
Washington County,2 ADULTS 1 WORKING2 Children,30.03,12.6,10.0
Washington County,2 ADULTS 1 WORKING3 Children,31.51,14.75,10.0
Washington County,2 ADULTS0 Children,11.02,4.14,10.0
Washington County,2 ADULTS1 Child,15.17,5.22,10.0
Washington County,2 ADULTS2 Children,18.98,6.3,10.0
Washington County,2 ADULTS3 Children,21.7,7.38,10.0
Wayne County,1 ADULT0 Children,12.89,6.13,10.0
Wayne County,1 ADULT1 Child,26.47,8.29,10.0
Wayne County,1 ADULT2 Children,32.34,10.44,10.0
Wayne County,1 ADULT3 Children,40.6,12.6,10.0
Wayne County,2 ADULTS 1 WORKING0 Children,21.78,8.29,10.0
Wayne County,2 ADULTS 1 WORKING1 Child,26.04,10.44,10.0
Wayne County,2 ADULTS 1 WORKING2 Children,29.69,12.6,10.0
Wayne County,2 ADULTS 1 WORKING3 Children,31.11,14.75,10.0
Wayne County,2 ADULTS0 Children,10.89,4.14,10.0
Wayne County,2 ADULTS1 Child,14.63,5.22,10.0
Wayne County,2 ADULTS2 Children,18.07,6.3,10.0
Wayne County,2 ADULTS3 Children,20.39,7.38,10.0
White County,1 ADULT0 Children,12.76,6.13,10.0
White County,1 ADULT1 Child,26.55,8.29,10.0
White County,1 ADULT2 Children,32.5,10.44,10.0
White County,1 ADULT3 Children,41.06,12.6,10.0
White County,2 ADULTS 1 WORKING0 Children,22.04,8.29,10.0
White County,2 ADULTS 1 WORKING1 Child,26.04,10.44,10.0
White County,2 ADULTS 1 WORKING2 Children,29.69,12.6,10.0
White County,2 ADULTS 1 WORKING3 Children,31.32,14.75,10.0
White County,2 ADULTS0 Children,11.02,4.14,10.0
White County,2 ADULTS1 Child,14.67,5.22,10.0
White County,2 ADULTS2 Children,18.16,6.3,10.0
White County,2 ADULTS3 Children,20.62,7.38,10.0
Whiteside County,1 ADULT0 Children,13.08,6.13,10.0
Whiteside County,1 ADULT1 Child,28.17,8.29,10.0
Whiteside County,1 ADULT2 Children,35.35,10.44,10.0
Whiteside County,1 ADULT3 Children,45.01,12.6,10.0
Whiteside County,2 ADULTS 1 WORKING0 Children,22.09,8.29,10.0
Whiteside County,2 ADULTS 1 WORKING1 Child,26.43,10.44,10.0
Whiteside County,2 ADULTS 1 WORKING2 Children,30.09,12.6,10.0
Whiteside County,2 ADULTS 1 WORKING3 Children,31.6,14.75,10.0
Whiteside County,2 ADULTS0 Children,11.04,4.14,10.0
Whiteside County,2 ADULTS1 Child,15.48,5.22,10.0
Whiteside County,2 ADULTS2 Children,19.58,6.3,10.0
Whiteside County,2 ADULTS3 Children,22.6,7.38,10.0
Will County,1 ADULT0 Children,16.32,6.13,10.0
Will County,1 ADULT1 Child,32.26,8.29,10.0
Will County,1 ADULT2 Children,40.0,10.44,10.0
Will County,1 ADULT3 Children,51.3,12.6,10.0
Will County,2 ADULTS 1 WORKING0 Children,25.66,8.29,10.0
Will County,2 ADULTS 1 WORKING1 Child,29.95,10.44,10.0
Will County,2 ADULTS 1 WORKING2 Children,33.61,12.6,10.0
Will County,2 ADULTS 1 WORKING3 Children,36.19,14.75,10.0
Will County,2 ADULTS0 Children,12.83,4.14,10.0
Will County,2 ADULTS1 Child,17.53,5.22,10.0
Will County,2 ADULTS2 Children,21.91,6.3,10.0
Will County,2 ADULTS3 Children,25.75,7.38,10.0
Williamson County,1 ADULT0 Children,13.5,6.13,10.0
Williamson County,1 ADULT1 Child,27.99,8.29,10.0
Williamson County,1 ADULT2 Children,35.08,10.44,10.0
Williamson County,1 ADULT3 Children,45.17,12.6,10.0
Williamson County,2 ADULTS 1 WORKING0 Children,22.01,8.29,10.0
Williamson County,2 ADULTS 1 WORKING1 Child,26.35,10.44,10.0
Williamson County,2 ADULTS 1 WORKING2 Children,30.01,12.6,10.0
Williamson County,2 ADULTS 1 WORKING3 Children,32.04,14.75,10.0
Williamson County,2 ADULTS0 Children,11.01,4.14,10.0
Williamson County,2 ADULTS1 Child,15.39,5.22,10.0
Williamson County,2 ADULTS2 Children,19.44,6.3,10.0
Williamson County,2 ADULTS3 Children,22.68,7.38,10.0
Winnebago County,1 ADULT0 Children,13.36,6.13,10.0
Winnebago County,1 ADULT1 Child,28.7,8.29,10.0
Winnebago County,1 ADULT2 Children,35.89,10.44,10.0
Winnebago County,1 ADULT3 Children,46.32,12.6,10.0
Winnebago County,2 ADULTS 1 WORKING0 Children,22.48,8.29,10.0
Winnebago County,2 ADULTS 1 WORKING1 Child,26.96,10.44,10.0
Winnebago County,2 ADULTS 1 WORKING2 Children,30.62,12.6,10.0
Winnebago County,2 ADULTS 1 WORKING3 Children,32.89,14.75,10.0
Winnebago County,2 ADULTS0 Children,11.24,4.14,10.0
Winnebago County,2 ADULTS1 Child,15.75,5.22,10.0
Winnebago County,2 ADULTS2 Children,19.85,6.3,10.0
Winnebago County,2 ADULTS3 Children,23.25,7.38,10.0
Woodford County,1 ADULT0 Children,13.53,6.13,10.0
Woodford County,1 ADULT1 Child,28.5,8.29,10.0
Woodford County,1 ADULT2 Children,35.88,10.44,10.0
Woodford County,1 ADULT3 Children,46.02,12.6,10.0
Woodford County,2 ADULTS 1 WORKING0 Children,22.32,8.29,10.0
Woodford County,2 ADULTS 1 WORKING1 Child,26.56,10.44,10.0
Woodford County,2 ADULTS 1 WORKING2 Children,30.22,12.6,10.0
Woodford County,2 ADULTS 1 WORKING3 Children,32.01,14.75,10.0
Woodford County,2 ADULTS0 Children,11.16,4.14,10.0
Woodford County,2 ADULTS1 Child,15.65,5.22,10.0
Woodford County,2 ADULTS2 Children,19.84,6.3,10.0
Woodford County,2 ADULTS3 Children,23.1,7.38,10.0
